{
    "model_version": "2",
    "mean_absolute_error": 3.210142382907828,
    "mean_squared_error": 24.39157899375463,
    "root_mean_squared_error": 4.938783149091953,
    "r2_score": 0.7326849374758325
}