{
    "model_version": "2",
    "mean_absolute_error": 3.3695562430660657,
    "mean_squared_error": 22.932681822117313,
    "root_mean_squared_error": 4.788807975072431,
    "r2_score": 0.6858037435588332
}